20003,Washington,District of Columbia ,DISTRICT OF COLUMBIA,11,001,DC 
20002,Washington,District of Columbia ,DISTRICT OF COLUMBIA,11,001,DC 
20004,Washington,District of Columbia ,DISTRICT OF COLUMBIA,11,001,DC 
20007,Washington,District of Columbia ,DISTRICT OF COLUMBIA,11,001,DC 
20001,Washington,District of Columbia ,DISTRICT OF COLUMBIA,11,001,DC 
20006,Washington,District of Columbia ,DISTRICT OF COLUMBIA,11,001,DC 
20005,Washington,District of Columbia ,DISTRICT OF COLUMBIA,11,001,DC 
20008,Washington,District of Columbia ,DISTRICT OF COLUMBIA,11,001,DC 
20009,Washington,District of Columbia ,DISTRICT OF COLUMBIA,11,001,DC 
20015,Washington,District of Columbia ,DISTRICT OF COLUMBIA,11,001,DC 
20017,Washington,District of Columbia ,DISTRICT OF COLUMBIA,11,001,DC 
20016,Washington,District of Columbia ,DISTRICT OF COLUMBIA,11,001,DC 
20011,Washington,District of Columbia ,DISTRICT OF COLUMBIA,11,001,DC 
20010,Washington,District of Columbia ,DISTRICT OF COLUMBIA,11,001,DC 
20013,Washington,District of Columbia ,DISTRICT OF COLUMBIA,11,001,DC 
20012,Washington,District of Columbia ,DISTRICT OF COLUMBIA,11,001,DC 
20018,Washington,District of Columbia ,DISTRICT OF COLUMBIA,11,001,DC 
20022,Washington,District of Columbia ,DISTRICT OF COLUMBIA,11,001,DC 
20024,Washington,District of Columbia ,DISTRICT OF COLUMBIA,11,001,DC 
20019,Washington,District of Columbia ,DISTRICT OF COLUMBIA,11,001,DC 
20026,Washington,District of Columbia ,DISTRICT OF COLUMBIA,11,001,DC 
20029,Washington,District of Columbia ,DISTRICT OF COLUMBIA,11,001,DC 
20027,Washington,District of Columbia ,DISTRICT OF COLUMBIA,11,001,DC 
20030,Washington,District of Columbia ,DISTRICT OF COLUMBIA,11,001,DC 
20032,Washington,District of Columbia ,DISTRICT OF COLUMBIA,11,001,DC 
20035,Washington,District of Columbia ,DISTRICT OF COLUMBIA,11,001,DC 
20020,Washington,District of Columbia ,DISTRICT OF COLUMBIA,11,001,DC 
20033,Washington,District of Columbia ,DISTRICT OF COLUMBIA,11,001,DC 
20036,Washington,District of Columbia ,DISTRICT OF COLUMBIA,11,001,DC 
20037,Washington,District of Columbia ,DISTRICT OF COLUMBIA,11,001,DC 
20038,Washington,District of Columbia ,DISTRICT OF COLUMBIA,11,001,DC 
20040,Washington,District of Columbia ,DISTRICT OF COLUMBIA,11,001,DC 
20039,Washington,District of Columbia ,DISTRICT OF COLUMBIA,11,001,DC 
20042,Washington,District of Columbia ,DISTRICT OF COLUMBIA,11,001,DC 
20041,Washington,District of Columbia ,DISTRICT OF COLUMBIA,11,001,DC 
20045,Washington,District of Columbia ,DISTRICT OF COLUMBIA,11,001,DC 
20043,Washington,District of Columbia ,DISTRICT OF COLUMBIA,11,001,DC 
20047,Washington,District of Columbia ,DISTRICT OF COLUMBIA,11,001,DC 
20044,Washington,District of Columbia ,DISTRICT OF COLUMBIA,11,001,DC 
20049,Washington,District of Columbia ,DISTRICT OF COLUMBIA,11,001,DC 
20050,Washington,District of Columbia ,DISTRICT OF COLUMBIA,11,001,DC 
20058,Washington,District of Columbia ,DISTRICT OF COLUMBIA,11,001,DC 
20057,Washington,District of Columbia ,DISTRICT OF COLUMBIA,11,001,DC 
20055,Washington,District of Columbia ,DISTRICT OF COLUMBIA,11,001,DC 
20052,Washington,District of Columbia ,DISTRICT OF COLUMBIA,11,001,DC 
20056,Washington,District of Columbia ,DISTRICT OF COLUMBIA,11,001,DC 
20053,Washington,District of Columbia ,DISTRICT OF COLUMBIA,11,001,DC 
20059,Washington,District of Columbia ,DISTRICT OF COLUMBIA,11,001,DC 
20061,Washington,District of Columbia ,DISTRICT OF COLUMBIA,11,001,DC 
20060,Washington,District of Columbia ,DISTRICT OF COLUMBIA,11,001,DC 
20064,Washington,District of Columbia ,DISTRICT OF COLUMBIA,11,001,DC 
20062,Washington,District of Columbia ,DISTRICT OF COLUMBIA,11,001,DC 
20063,Washington,District of Columbia ,DISTRICT OF COLUMBIA,11,001,DC 
20066,Washington,District of Columbia ,DISTRICT OF COLUMBIA,11,001,DC 
20065,Washington,District of Columbia ,DISTRICT OF COLUMBIA,11,001,DC 
20067,Washington,District of Columbia ,DISTRICT OF COLUMBIA,11,001,DC 
20068,Washington,District of Columbia ,DISTRICT OF COLUMBIA,11,001,DC 
20069,Washington,District of Columbia ,DISTRICT OF COLUMBIA,11,001,DC 
20070,Washington,District of Columbia ,DISTRICT OF COLUMBIA,11,001,DC 
20071,Washington,District of Columbia ,DISTRICT OF COLUMBIA,11,001,DC 
20075,Washington,District of Columbia ,DISTRICT OF COLUMBIA,11,001,DC 
20074,Washington,District of Columbia ,DISTRICT OF COLUMBIA,11,001,DC 
20073,Washington,District of Columbia ,DISTRICT OF COLUMBIA,11,001,DC 
20076,Washington,District of Columbia ,DISTRICT OF COLUMBIA,11,001,DC 
20077,Washington,District of Columbia ,DISTRICT OF COLUMBIA,11,001,DC 
20081,Washington,District of Columbia ,DISTRICT OF COLUMBIA,11,001,DC 
20091,Washington,District of Columbia ,DISTRICT OF COLUMBIA,11,001,DC 
20080,Washington,District of Columbia ,DISTRICT OF COLUMBIA,11,001,DC 
20090,Washington,District of Columbia ,DISTRICT OF COLUMBIA,11,001,DC 
20082,Washington,District of Columbia ,DISTRICT OF COLUMBIA,11,001,DC 
20201,Washington,District of Columbia ,DISTRICT OF COLUMBIA,11,001,DC 
20202,Washington,District of Columbia ,DISTRICT OF COLUMBIA,11,001,DC 
20078,Washington,District of Columbia ,DISTRICT OF COLUMBIA,11,001,DC 
20203,Washington,District of Columbia ,DISTRICT OF COLUMBIA,11,001,DC 
20207,Washington,District of Columbia ,DISTRICT OF COLUMBIA,11,001,DC 
20208,Washington,District of Columbia ,DISTRICT OF COLUMBIA,11,001,DC 
20206,Washington,District of Columbia ,DISTRICT OF COLUMBIA,11,001,DC 
20212,Washington,District of Columbia ,DISTRICT OF COLUMBIA,11,001,DC 
20204,Washington,District of Columbia ,DISTRICT OF COLUMBIA,11,001,DC 
20210,Washington,District of Columbia ,DISTRICT OF COLUMBIA,11,001,DC 
20211,Washington,District of Columbia ,DISTRICT OF COLUMBIA,11,001,DC 
20213,Washington,District of Columbia ,DISTRICT OF COLUMBIA,11,001,DC 
20217,Washington,District of Columbia ,DISTRICT OF COLUMBIA,11,001,DC 
20220,Washington,District of Columbia ,DISTRICT OF COLUMBIA,11,001,DC 
20216,Washington,District of Columbia ,DISTRICT OF COLUMBIA,11,001,DC 
20218,Washington,District of Columbia ,DISTRICT OF COLUMBIA,11,001,DC 
20219,Washington,District of Columbia ,DISTRICT OF COLUMBIA,11,001,DC 
20214,Washington,District of Columbia ,DISTRICT OF COLUMBIA,11,001,DC 
20215,Washington,District of Columbia ,DISTRICT OF COLUMBIA,11,001,DC 
20222,Washington,District of Columbia ,DISTRICT OF COLUMBIA,11,001,DC 
20228,Washington,District of Columbia ,DISTRICT OF COLUMBIA,11,001,DC 
20224,Washington,District of Columbia ,DISTRICT OF COLUMBIA,11,001,DC 
20229,Washington,District of Columbia ,DISTRICT OF COLUMBIA,11,001,DC 
20226,Washington,District of Columbia ,DISTRICT OF COLUMBIA,11,001,DC 
20223,Washington,District of Columbia ,DISTRICT OF COLUMBIA,11,001,DC 
20227,Washington,District of Columbia ,DISTRICT OF COLUMBIA,11,001,DC 
20221,Washington,District of Columbia ,DISTRICT OF COLUMBIA,11,001,DC 
20230,Washington,District of Columbia ,DISTRICT OF COLUMBIA,11,001,DC 
20233,Washington,District of Columbia ,DISTRICT OF COLUMBIA,11,001,DC 
20237,Washington,District of Columbia ,DISTRICT OF COLUMBIA,11,001,DC 
20235,Washington,District of Columbia ,DISTRICT OF COLUMBIA,11,001,DC 
20232,Washington,District of Columbia ,DISTRICT OF COLUMBIA,11,001,DC 
20240,Washington,District of Columbia ,DISTRICT OF COLUMBIA,11,001,DC 
20238,Washington,District of Columbia ,DISTRICT OF COLUMBIA,11,001,DC 
20239,Washington,District of Columbia ,DISTRICT OF COLUMBIA,11,001,DC 
20241,Washington,District of Columbia ,DISTRICT OF COLUMBIA,11,001,DC 
20245,Washington,District of Columbia ,DISTRICT OF COLUMBIA,11,001,DC 
20254,Washington,District of Columbia ,DISTRICT OF COLUMBIA,11,001,DC 
20252,Washington,District of Columbia ,DISTRICT OF COLUMBIA,11,001,DC 
20244,Washington,District of Columbia ,DISTRICT OF COLUMBIA,11,001,DC 
20250,Washington,District of Columbia ,DISTRICT OF COLUMBIA,11,001,DC 
20251,Washington,District of Columbia ,DISTRICT OF COLUMBIA,11,001,DC 
20242,Washington,District of Columbia ,DISTRICT OF COLUMBIA,11,001,DC 
20260,Washington,District of Columbia ,DISTRICT OF COLUMBIA,11,001,DC 
20261,Washington,District of Columbia ,DISTRICT OF COLUMBIA,11,001,DC 
20265,Washington,District of Columbia ,DISTRICT OF COLUMBIA,11,001,DC 
20270,Washington,District of Columbia ,DISTRICT OF COLUMBIA,11,001,DC 
20262,Washington,District of Columbia ,DISTRICT OF COLUMBIA,11,001,DC 
20266,Washington,District of Columbia ,DISTRICT OF COLUMBIA,11,001,DC 
20277,Washington,District of Columbia ,DISTRICT OF COLUMBIA,11,001,DC 
20268,Washington,District of Columbia ,DISTRICT OF COLUMBIA,11,001,DC 
20289,Washington,District of Columbia ,DISTRICT OF COLUMBIA,11,001,DC 
20299,Washington,District of Columbia ,DISTRICT OF COLUMBIA,11,001,DC 
20306,Washington,District of Columbia ,DISTRICT OF COLUMBIA,11,001,DC 
20303,Washington,District of Columbia ,DISTRICT OF COLUMBIA,11,001,DC 
20314,Washington,District of Columbia ,DISTRICT OF COLUMBIA,11,001,DC 
20318,Washington,District of Columbia ,DISTRICT OF COLUMBIA,11,001,DC 
20301,Washington,District of Columbia ,DISTRICT OF COLUMBIA,11,001,DC 
20310,Washington,District of Columbia ,DISTRICT OF COLUMBIA,11,001,DC 
20317,Washington,District of Columbia ,DISTRICT OF COLUMBIA,11,001,DC 
20319,Washington,District of Columbia ,DISTRICT OF COLUMBIA,11,001,DC 
20330,Washington,District of Columbia ,DISTRICT OF COLUMBIA,11,001,DC 
20370,Washington,District of Columbia ,DISTRICT OF COLUMBIA,11,001,DC 
20355,Washington,District of Columbia ,DISTRICT OF COLUMBIA,11,001,DC 
20373,Naval Anacost Annex,District of Columbia ,DISTRICT OF COLUMBIA,11,001,DC 
20340,Washington,District of Columbia ,DISTRICT OF COLUMBIA,11,001,DC 
20350,Washington,District of Columbia ,DISTRICT OF COLUMBIA,11,001,DC 
20372,Washington,District of Columbia ,DISTRICT OF COLUMBIA,11,001,DC 
20375,Washington,District of Columbia ,DISTRICT OF COLUMBIA,11,001,DC 
20374,Washington Navy Yard,District of Columbia ,DISTRICT OF COLUMBIA,11,001,DC 
20389,Washington,District of Columbia ,DISTRICT OF COLUMBIA,11,001,DC 
20376,Washington Navy Yard,District of Columbia ,DISTRICT OF COLUMBIA,11,001,DC 
20391,Washington Navy Yard,District of Columbia ,DISTRICT OF COLUMBIA,11,001,DC 
20392,Washington,District of Columbia ,DISTRICT OF COLUMBIA,11,001,DC 
20390,Washington,District of Columbia ,DISTRICT OF COLUMBIA,11,001,DC 
20380,Washington,District of Columbia ,DISTRICT OF COLUMBIA,11,001,DC 
20388,Washington Navy Yard,District of Columbia ,DISTRICT OF COLUMBIA,11,001,DC 
20393,Washington,District of Columbia ,DISTRICT OF COLUMBIA,11,001,DC 
20401,Washington,District of Columbia ,DISTRICT OF COLUMBIA,11,001,DC 
20403,Washington,District of Columbia ,DISTRICT OF COLUMBIA,11,001,DC 
20398,Washington Navy Yard,District of Columbia ,DISTRICT OF COLUMBIA,11,001,DC 
20402,Washington,District of Columbia ,DISTRICT OF COLUMBIA,11,001,DC 
20394,Washington,District of Columbia ,DISTRICT OF COLUMBIA,11,001,DC 
20404,Washington,District of Columbia ,DISTRICT OF COLUMBIA,11,001,DC 
20405,Washington,District of Columbia ,DISTRICT OF COLUMBIA,11,001,DC 
20395,Washington,District of Columbia ,DISTRICT OF COLUMBIA,11,001,DC 
20406,Washington,District of Columbia ,DISTRICT OF COLUMBIA,11,001,DC 
20407,Washington,District of Columbia ,DISTRICT OF COLUMBIA,11,001,DC 
20410,Washington,District of Columbia ,DISTRICT OF COLUMBIA,11,001,DC 
20414,Washington,District of Columbia ,DISTRICT OF COLUMBIA,11,001,DC 
20411,Washington,District of Columbia ,DISTRICT OF COLUMBIA,11,001,DC 
20408,Washington,District of Columbia ,DISTRICT OF COLUMBIA,11,001,DC 
20412,Washington,District of Columbia ,DISTRICT OF COLUMBIA,11,001,DC 
20413,Washington,District of Columbia ,DISTRICT OF COLUMBIA,11,001,DC 
20415,Washington,District of Columbia ,DISTRICT OF COLUMBIA,11,001,DC 
20417,Washington,District of Columbia ,DISTRICT OF COLUMBIA,11,001,DC 
20416,Washington,District of Columbia ,DISTRICT OF COLUMBIA,11,001,DC 
20418,Washington,District of Columbia ,DISTRICT OF COLUMBIA,11,001,DC 
20424,Washington,District of Columbia ,DISTRICT OF COLUMBIA,11,001,DC 
20420,Washington,District of Columbia ,DISTRICT OF COLUMBIA,11,001,DC 
20419,Washington,District of Columbia ,DISTRICT OF COLUMBIA,11,001,DC 
20423,Washington,District of Columbia ,DISTRICT OF COLUMBIA,11,001,DC 
20422,Washington,District of Columbia ,DISTRICT OF COLUMBIA,11,001,DC 
20425,Washington,District of Columbia ,DISTRICT OF COLUMBIA,11,001,DC 
20426,Washington,District of Columbia ,DISTRICT OF COLUMBIA,11,001,DC 
20431,Washington,District of Columbia ,DISTRICT OF COLUMBIA,11,001,DC 
20434,Washington,District of Columbia ,DISTRICT OF COLUMBIA,11,001,DC 
20433,Washington,District of Columbia ,DISTRICT OF COLUMBIA,11,001,DC 
20429,Washington,District of Columbia ,DISTRICT OF COLUMBIA,11,001,DC 
20428,Washington,District of Columbia ,DISTRICT OF COLUMBIA,11,001,DC 
20427,Washington,District of Columbia ,DISTRICT OF COLUMBIA,11,001,DC 
20435,Washington,District of Columbia ,DISTRICT OF COLUMBIA,11,001,DC 
20441,Washington,District of Columbia ,DISTRICT OF COLUMBIA,11,001,DC 
20440,Washington,District of Columbia ,DISTRICT OF COLUMBIA,11,001,DC 
20442,Washington,District of Columbia ,DISTRICT OF COLUMBIA,11,001,DC 
20444,Washington,District of Columbia ,DISTRICT OF COLUMBIA,11,001,DC 
20436,Washington,District of Columbia ,DISTRICT OF COLUMBIA,11,001,DC 
20437,Washington,District of Columbia ,DISTRICT OF COLUMBIA,11,001,DC 
20447,Washington,District of Columbia ,DISTRICT OF COLUMBIA,11,001,DC 
20439,Washington,District of Columbia ,DISTRICT OF COLUMBIA,11,001,DC 
20460,Washington,District of Columbia ,DISTRICT OF COLUMBIA,11,001,DC 
20468,Washington,District of Columbia ,DISTRICT OF COLUMBIA,11,001,DC 
20470,Washington,District of Columbia ,DISTRICT OF COLUMBIA,11,001,DC 
20463,Washington,District of Columbia ,DISTRICT OF COLUMBIA,11,001,DC 
20451,Washington,District of Columbia ,DISTRICT OF COLUMBIA,11,001,DC 
20469,Washington,District of Columbia ,DISTRICT OF COLUMBIA,11,001,DC 
20453,Washington,District of Columbia ,DISTRICT OF COLUMBIA,11,001,DC 
20456,Washington,District of Columbia ,DISTRICT OF COLUMBIA,11,001,DC 
20472,Washington,District of Columbia ,DISTRICT OF COLUMBIA,11,001,DC 
20502,Washington,District of Columbia ,DISTRICT OF COLUMBIA,11,001,DC 
20504,Washington,District of Columbia ,DISTRICT OF COLUMBIA,11,001,DC 
20500,Washington,District of Columbia ,DISTRICT OF COLUMBIA,11,001,DC 
20505,Washington,District of Columbia ,DISTRICT OF COLUMBIA,11,001,DC 
20501,Washington,District of Columbia ,DISTRICT OF COLUMBIA,11,001,DC 
20503,Washington,District of Columbia ,DISTRICT OF COLUMBIA,11,001,DC 
20506,Washington,District of Columbia ,DISTRICT OF COLUMBIA,11,001,DC 
20507,Washington,District of Columbia ,DISTRICT OF COLUMBIA,11,001,DC 
20508,Washington,District of Columbia ,DISTRICT OF COLUMBIA,11,001,DC 
20509,Washington,District of Columbia ,DISTRICT OF COLUMBIA,11,001,DC 
20511,Washington,District of Columbia ,DISTRICT OF COLUMBIA,11,001,DC 
20510,Washington,District of Columbia ,DISTRICT OF COLUMBIA,11,001,DC 
20521,Washington,District of Columbia ,DISTRICT OF COLUMBIA,11,001,DC 
20515,Washington,District of Columbia ,DISTRICT OF COLUMBIA,11,001,DC 
20520,Washington,District of Columbia ,DISTRICT OF COLUMBIA,11,001,DC 
20522,Washington,District of Columbia ,DISTRICT OF COLUMBIA,11,001,DC 
20523,Washington,District of Columbia ,DISTRICT OF COLUMBIA,11,001,DC 
20524,Washington,District of Columbia ,DISTRICT OF COLUMBIA,11,001,DC 
20525,Washington,District of Columbia ,DISTRICT OF COLUMBIA,11,001,DC 
20528,Washington,District of Columbia ,DISTRICT OF COLUMBIA,11,001,DC 
20529,Washington,District of Columbia ,DISTRICT OF COLUMBIA,11,001,DC 
20527,Washington,District of Columbia ,DISTRICT OF COLUMBIA,11,001,DC 
20530,Washington,District of Columbia ,DISTRICT OF COLUMBIA,11,001,DC 
20526,Washington,District of Columbia ,DISTRICT OF COLUMBIA,11,001,DC 
20533,Washington,District of Columbia ,DISTRICT OF COLUMBIA,11,001,DC 
20531,Washington,District of Columbia ,DISTRICT OF COLUMBIA,11,001,DC 
20534,Washington,District of Columbia ,DISTRICT OF COLUMBIA,11,001,DC 
20535,Washington,District of Columbia ,DISTRICT OF COLUMBIA,11,001,DC 
20537,Washington,District of Columbia ,DISTRICT OF COLUMBIA,11,001,DC 
20540,Washington,District of Columbia ,DISTRICT OF COLUMBIA,11,001,DC 
20538,Washington,District of Columbia ,DISTRICT OF COLUMBIA,11,001,DC 
20536,Washington,District of Columbia ,DISTRICT OF COLUMBIA,11,001,DC 
20541,Washington,District of Columbia ,DISTRICT OF COLUMBIA,11,001,DC 
20539,Washington,District of Columbia ,DISTRICT OF COLUMBIA,11,001,DC 
20543,Washington,District of Columbia ,DISTRICT OF COLUMBIA,11,001,DC 
20542,Washington,District of Columbia ,DISTRICT OF COLUMBIA,11,001,DC 
20549,Washington,District of Columbia ,DISTRICT OF COLUMBIA,11,001,DC 
20551,Washington,District of Columbia ,DISTRICT OF COLUMBIA,11,001,DC 
20548,Washington,District of Columbia ,DISTRICT OF COLUMBIA,11,001,DC 
20544,Washington,District of Columbia ,DISTRICT OF COLUMBIA,11,001,DC 
20547,Washington,District of Columbia ,DISTRICT OF COLUMBIA,11,001,DC 
20546,Washington,District of Columbia ,DISTRICT OF COLUMBIA,11,001,DC 
20553,Washington,District of Columbia ,DISTRICT OF COLUMBIA,11,001,DC 
20552,Washington,District of Columbia ,DISTRICT OF COLUMBIA,11,001,DC 
20554,Washington,District of Columbia ,DISTRICT OF COLUMBIA,11,001,DC 
20555,Washington,District of Columbia ,DISTRICT OF COLUMBIA,11,001,DC 
20559,Washington,District of Columbia ,DISTRICT OF COLUMBIA,11,001,DC 
20560,Washington,District of Columbia ,DISTRICT OF COLUMBIA,11,001,DC 
20557,Washington,District of Columbia ,DISTRICT OF COLUMBIA,11,001,DC 
20565,Washington,District of Columbia ,DISTRICT OF COLUMBIA,11,001,DC 
20566,Washington,District of Columbia ,DISTRICT OF COLUMBIA,11,001,DC 
20570,Washington,District of Columbia ,DISTRICT OF COLUMBIA,11,001,DC 
20571,Washington,District of Columbia ,DISTRICT OF COLUMBIA,11,001,DC 
20572,Washington,District of Columbia ,DISTRICT OF COLUMBIA,11,001,DC 
20573,Washington,District of Columbia ,DISTRICT OF COLUMBIA,11,001,DC 
20577,Washington,District of Columbia ,DISTRICT OF COLUMBIA,11,001,DC 
20575,Washington,District of Columbia ,DISTRICT OF COLUMBIA,11,001,DC 
20576,Washington,District of Columbia ,DISTRICT OF COLUMBIA,11,001,DC 
20579,Washington,District of Columbia ,DISTRICT OF COLUMBIA,11,001,DC 
20578,Washington,District of Columbia ,DISTRICT OF COLUMBIA,11,001,DC 
20580,Washington,District of Columbia ,DISTRICT OF COLUMBIA,11,001,DC 
20585,Washington,District of Columbia ,DISTRICT OF COLUMBIA,11,001,DC 
20581,Washington,District of Columbia ,DISTRICT OF COLUMBIA,11,001,DC 
20590,Washington,District of Columbia ,DISTRICT OF COLUMBIA,11,001,DC 
20597,Washington,District of Columbia ,DISTRICT OF COLUMBIA,11,001,DC 
20591,Washington,District of Columbia ,DISTRICT OF COLUMBIA,11,001,DC 
20586,Washington,District of Columbia ,DISTRICT OF COLUMBIA,11,001,DC 
20593,Washington,District of Columbia ,DISTRICT OF COLUMBIA,11,001,DC 
20594,Washington,District of Columbia ,DISTRICT OF COLUMBIA,11,001,DC 
56901,Parcel Return Service,District of Columbia ,DISTRICT OF COLUMBIA,11,001,DC 
56904,Parcel Return Service,District of Columbia ,DISTRICT OF COLUMBIA,11,001,DC 
56908,Parcel Return Service,District of Columbia ,DISTRICT OF COLUMBIA,11,001,DC 
56920,Parcel Return Service,District of Columbia ,DISTRICT OF COLUMBIA,11,001,DC 
56915,Parcel Return Service,District of Columbia ,DISTRICT OF COLUMBIA,11,001,DC 
20599,Washington,District of Columbia ,DISTRICT OF COLUMBIA,11,001,DC 
56902,Parcel Return Service,District of Columbia ,DISTRICT OF COLUMBIA,11,001,DC 
56933,Parcel Return Service,District of Columbia ,DISTRICT OF COLUMBIA,11,001,DC 
56935,Parcel Return Service,District of Columbia ,DISTRICT OF COLUMBIA,11,001,DC 
56944,Parcel Return Service,District of Columbia ,DISTRICT OF COLUMBIA,11,001,DC 
56945,Parcel Return Service,District of Columbia ,DISTRICT OF COLUMBIA,11,001,DC 
56950,Parcel Return Service,District of Columbia ,DISTRICT OF COLUMBIA,11,001,DC 
56967,Parcel Return Service,District of Columbia ,DISTRICT OF COLUMBIA,11,001,DC 
56966,Parcel Return Service,District of Columbia ,DISTRICT OF COLUMBIA,11,001,DC 
56965,Parcel Return Service,District of Columbia ,DISTRICT OF COLUMBIA,11,001,DC 
56968,Parcel Return Service,District of Columbia ,DISTRICT OF COLUMBIA,11,001,DC 
56969,Parcel Return Service,District of Columbia ,DISTRICT OF COLUMBIA,11,001,DC 
56970,Parcel Return Service,District of Columbia ,DISTRICT OF COLUMBIA,11,001,DC 
56972,Parcel Return Service,District of Columbia ,DISTRICT OF COLUMBIA,11,001,DC 
56971,Parcel Return Service,District of Columbia ,DISTRICT OF COLUMBIA,11,001,DC 
56973,Parcel Return Service,District of Columbia ,DISTRICT OF COLUMBIA,11,001,DC 
56999,Parcel Return Service,District of Columbia ,DISTRICT OF COLUMBIA,11,001,DC 
56998,Parcel Return Service,District of Columbia ,DISTRICT OF COLUMBIA,11,001,DC 
88888,North Pole,District of Columbia ,DISTRICT OF COLUMBIA,11,001,DC 
